Lineup,Minutes,Off Min,Def Min,Total Possessions,Off Poss,Def Poss,PM_p40,Net_RTG,Off PPP,Def PPP,ORTG,DRTG,Plus_Minus,rel_PM_p40,rel_Off_RTG,rel_Def_RTG,rel_Net_RTG,O_eFG%,O_TOV%,O_ORB%,O_FTR,D_eFG%,D_TOV%,D_ORB%,D_FTR,Stop Rate,Score Rate,Stops,Scores,2FGA,2FGM,3PA,3PM,FTA,FTM,TOV,ORB,FGA,FGM,2FGA Allowed,2FGM Allowed,3PA Allowed,3PM Allowed,FTA Allowed,FTM Allowed,TOV Forced,O-Boards Allowed,FGA Allowed,FGM Allowed,Points For,Points Against,Team Minutes,Team Plus_Minus,Team Off Poss,Team Def Poss,Team Total Possessions,Team ORTG,Team DRTG,Team Net_RTG,Team PM_p40
SD-SN-IK-KJ-MH,8.167,4.853,3.313,34,17,17,4.898,5.882,0.647,0.588,64.706,58.824,1,44.845,-14.659,-51.566,36.907,0.312,0.235,0.235,0.0,0.5,0.412,0.0,0.0,0.706,0.294,12,5,8,4,8,1,0,0,4,4,16,5,6,5,4,0,0,0,7,0,10,5,11,10,70.093,-70,126,154,280,79.365,110.39,-31.025,-39.947
MS-DP-AC-EF-AM7,6.348,3.368,2.98,27,13,14,-75.61,-81.868,0.538,1.357,53.846,135.714,-12,-35.664,-25.519,25.325,-50.844,0.333,0.154,0.231,0.333,0.75,0.143,0.071,0.0,0.357,0.308,5,4,6,3,3,0,3,1,2,3,9,3,9,8,3,1,0,0,2,1,12,9,7,19,70.093,-70,126,154,280,79.365,110.39,-31.025,-39.947
SD-SN-EF-KJ-MH,2.705,2.048,0.657,11,7,4,29.575,-3.571,0.714,0.75,71.429,75.0,2,69.522,-7.937,-35.39,27.453,0.222,0.143,0.429,0.0,1.0,0.5,0.0,0.0,0.75,0.286,3,2,5,1,4,1,0,0,1,3,9,2,0,0,1,1,0,0,2,0,1,1,5,3,70.093,-70,126,154,280,79.365,110.39,-31.025,-39.947
SD-SN-AC-KJ-MH,2.643,0.62,2.023,12,3,9,-166.456,-77.778,0.667,1.444,66.667,144.444,-11,-126.51,-12.698,34.055,-46.753,0.5,0.667,0.333,0.0,0.833,0.222,0.0,0.167,0.444,0.333,4,1,2,1,0,0,0,0,2,1,2,1,4,3,2,2,1,1,2,0,6,5,2,13,70.093,-70,126,154,280,79.365,110.39,-31.025,-39.947
SD-SN-IK-EF-MH,2.343,1.757,0.587,10,7,3,85.349,33.333,1.0,0.667,100.0,66.667,5,125.295,20.635,-43.723,64.358,0.6,0.286,0.0,0.0,0.5,0.333,0.0,0.0,0.667,0.429,2,3,2,2,3,1,0,0,2,0,5,3,1,1,1,0,0,0,1,0,2,1,7,2,70.093,-70,126,154,280,79.365,110.39,-31.025,-39.947
SI-AC-IK-EF-MH,2.32,1.008,1.312,8,4,4,17.241,25.0,1.5,1.25,150.0,125.0,1,57.188,70.635,14.61,56.025,0.75,0.0,0.0,0.0,1.0,0.5,0.0,0.0,0.5,0.75,2,3,3,3,1,0,0,0,0,0,4,3,1,1,1,1,0,0,2,0,2,2,6,5,70.093,-70,126,154,280,79.365,110.39,-31.025,-39.947
SD-SI-AC-KJ-MH,2.028,1.15,0.878,8,4,4,-78.882,-100.0,1.0,2.0,100.0,200.0,-4,-38.936,20.635,89.61,-68.975,0.667,0.25,0.0,0.0,1.0,0.25,0.0,0.333,0.25,0.5,1,2,3,2,0,0,0,0,1,0,3,2,2,2,1,1,1,1,1,0,3,3,4,8,70.093,-70,126,154,280,79.365,110.39,-31.025,-39.947
MS-SD-IK-EF-AM7,1.933,1.135,0.798,7,4,3,20.69,-8.333,1.25,1.333,125.0,133.333,1,60.636,45.635,22.944,22.691,0.667,0.25,0.0,0.0,0.667,0.333,0.333,0.0,0.333,0.5,1,2,2,1,1,1,0,0,1,0,3,2,3,2,0,0,0,0,1,1,3,2,5,4,70.093,-70,126,154,280,79.365,110.39,-31.025,-39.947
MS-SD-AC-AM7-MH,1.923,1.055,0.868,7,4,3,-20.797,-66.667,1.0,1.667,100.0,166.667,-1,19.15,20.635,56.277,-35.642,0.667,0.5,0.25,0.0,1.0,0.333,0.0,0.0,0.333,0.5,1,2,2,2,1,0,0,0,2,1,3,2,1,1,1,1,0,0,1,0,2,2,4,5,70.093,-70,126,154,280,79.365,110.39,-31.025,-39.947
MS-AC-IK-KJ-MH,1.847,1.642,0.205,6,4,2,-43.321,-150.0,0.5,2.0,50.0,200.0,-2,-3.375,-29.365,89.61,-118.975,0.5,0.5,0.0,0.0,1.0,0.0,0.0,0.0,0.0,0.25,0,1,1,1,1,0,0,0,2,0,2,1,2,2,0,0,0,0,0,0,2,2,2,4,70.093,-70,126,154,280,79.365,110.39,-31.025,-39.947
MS-DP-IK-EF-AM7,1.803,0.34,1.463,9,2,7,-110.906,-71.429,0.0,0.714,0.0,71.429,-5,-70.959,-79.365,-38.961,-40.404,0.0,0.5,0.0,0.0,0.667,0.571,0.0,0.0,0.714,0.0,5,0,1,0,0,0,0,0,1,0,1,0,1,1,2,1,0,0,4,0,3,2,0,5,70.093,-70,126,154,280,79.365,110.39,-31.025,-39.947
SD-SN-DP-IK-KJ,1.76,0.917,0.843,7,4,3,68.182,41.667,1.75,1.333,175.0,133.333,3,108.129,95.635,22.944,72.691,1.0,0.25,0.0,0.0,1.0,0.333,0.0,2.0,0.333,0.75,1,3,2,2,1,1,0,0,1,0,3,3,0,0,1,1,2,1,1,0,1,1,7,4,70.093,-70,126,154,280,79.365,110.39,-31.025,-39.947
DP-SI-AC-IK-AM7,1.747,1.593,0.153,4,3,1,-45.802,-200.0,0.0,2.0,0.0,200.0,-2,-5.855,-79.365,89.61,-168.975,0.0,0.667,1.0,0.0,1.0,0.0,0.0,0.0,0.0,0.0,0,0,3,0,1,0,0,0,2,3,4,0,1,1,0,0,0,0,0,0,1,1,0,2,70.093,-70,126,154,280,79.365,110.39,-31.025,-39.947
SN-SI-EF-KJ-MH,1.567,0.0,1.567,4,0,4,-127.66,-125.0,0.0,1.25,0.0,125.0,-5,-87.713,-79.365,14.61,-93.975,0.0,0.0,0.0,0.0,0.25,0.5,0.75,0.5,0.5,0.0,2,0,0,0,0,0,0,0,0,0,0,0,1,0,3,1,2,2,2,3,4,1,0,5,70.093,-70,126,154,280,79.365,110.39,-31.025,-39.947
SD-SN-DP-IK-MH,1.565,0.838,0.727,5,3,2,25.559,16.667,0.667,0.5,66.667,50.0,1,65.506,-12.698,-60.39,47.691,0.5,0.667,0.333,0.0,0.0,0.5,0.0,0.0,0.5,0.333,1,1,1,1,1,0,0,0,2,1,2,1,0,0,0,0,2,1,1,0,0,0,2,1,70.093,-70,126,154,280,79.365,110.39,-31.025,-39.947
SN-DP-AC-IK-KJ,1.517,1.125,0.392,6,4,2,0.0,-100.0,1.0,2.0,100.0,200.0,0,39.947,20.635,89.61,-68.975,0.5,0.0,0.25,0.0,1.0,0.0,0.0,2.0,0.0,0.5,0,2,2,2,2,0,0,0,0,1,4,2,1,1,0,0,2,2,0,0,1,1,4,4,70.093,-70,126,154,280,79.365,110.39,-31.025,-39.947
MS-SD-SN-AM7-KJ,1.452,0.802,0.65,6,3,3,82.664,100.0,2.0,1.0,200.0,100.0,3,122.61,120.635,-10.39,131.025,0.667,0.0,0.0,0.0,1.0,0.667,0.0,0.0,0.667,0.667,2,2,0,0,3,2,0,0,0,0,3,2,0,0,1,1,0,0,2,0,1,1,6,3,70.093,-70,126,154,280,79.365,110.39,-31.025,-39.947
SD-SI-AM7-KJ-MH,1.422,0.633,0.788,6,2,4,0.0,0.0,0.0,0.0,0.0,0.0,0,39.947,-79.365,-110.39,31.025,0.0,0.5,0.0,0.0,0.0,0.25,0.25,0.0,1.0,0.0,4,0,1,0,0,0,0,0,1,0,1,0,1,0,3,0,0,0,1,1,4,0,0,0,70.093,-70,126,154,280,79.365,110.39,-31.025,-39.947
SD-SI-IK-KJ-MH,1.413,0.988,0.425,6,4,2,-56.604,-100.0,0.0,1.0,0.0,100.0,-2,-16.657,-79.365,-10.39,-68.975,0.0,0.25,0.25,0.0,0.5,0.0,0.0,0.0,0.5,0.0,1,0,1,0,2,0,0,0,1,1,3,0,2,1,0,0,0,0,0,0,2,1,0,2,70.093,-70,126,154,280,79.365,110.39,-31.025,-39.947
SD-SN-SI-A'M-JB,1.367,0.0,1.367,5,0,5,-263.415,-180.0,0.0,1.8,0.0,180.0,-9,-223.468,-79.365,69.61,-148.975,0.0,0.0,0.0,0.0,1.0,0.0,0.0,0.0,0.2,0.0,1,0,0,0,0,0,0,0,0,0,0,0,3,3,1,1,0,0,0,0,4,4,0,9,70.093,-70,126,154,280,79.365,110.39,-31.025,-39.947
SN-DP-IK-KJ-MH,1.355,0.495,0.86,6,2,4,-29.52,25.0,1.0,0.75,100.0,75.0,-1,10.426,20.635,-35.39,56.025,0.5,0.0,0.0,0.0,1.0,0.75,0.0,1.0,0.75,0.5,3,1,1,1,1,0,0,0,0,0,2,1,1,1,0,0,1,1,3,0,1,1,2,3,70.093,-70,126,154,280,79.365,110.39,-31.025,-39.947
DP-SI-A'M-EF-JB,1.222,0.0,1.222,4,0,4,-229.195,-175.0,0.0,1.75,0.0,175.0,-7,-189.248,-79.365,64.61,-143.975,0.0,0.0,0.0,0.0,1.0,0.25,0.0,0.0,0.25,0.0,1,0,0,0,0,0,0,0,0,0,0,0,2,2,1,1,0,0,1,0,3,3,0,7,70.093,-70,126,154,280,79.365,110.39,-31.025,-39.947
MS-IK-EF-KJ-MH,1.213,0.718,0.495,6,4,2,0.0,-50.0,0.5,1.0,50.0,100.0,0,39.947,-29.365,-10.39,-18.975,1.0,0.25,0.0,1.0,0.5,0.5,0.5,0.0,0.5,0.25,1,1,1,1,0,0,1,0,1,0,1,1,2,1,0,0,0,0,1,1,2,1,2,2,70.093,-70,126,154,280,79.365,110.39,-31.025,-39.947
MS-SN-DP-AM7-KJ,1.172,0.722,0.45,4,2,2,0.0,0.0,1.0,1.0,100.0,100.0,0,39.947,20.635,-10.39,31.025,0.5,0.0,0.0,0.0,1.0,0.5,0.0,0.0,0.5,0.5,1,1,1,1,1,0,0,0,0,0,2,1,1,1,0,0,0,0,1,0,1,1,2,2,70.093,-70,126,154,280,79.365,110.39,-31.025,-39.947
SD-AC-EF-AM7-MH,1.113,0.677,0.437,6,3,3,-71.856,-66.667,0.0,0.667,0.0,66.667,-2,-31.91,-79.365,-43.723,-35.642,0.0,0.333,0.0,0.0,1.0,0.333,0.0,0.0,0.667,0.0,2,0,2,0,0,0,0,0,1,0,2,0,1,1,0,0,0,0,1,0,1,1,0,2,70.093,-70,126,154,280,79.365,110.39,-31.025,-39.947
SD-SN-AC-IK-MH,1.072,0.687,0.385,4,2,2,111.975,150.0,2.5,1.0,250.0,100.0,3,151.922,170.635,-10.39,181.025,1.0,0.0,0.0,0.0,1.0,0.5,0.0,0.0,0.5,1.0,1,2,1,1,1,1,0,0,0,0,2,2,1,1,0,0,0,0,1,0,1,1,5,2,70.093,-70,126,154,280,79.365,110.39,-31.025,-39.947
SD-AC-IK-KJ-MH,1.072,0.74,0.332,3,2,1,-74.65,-200.0,0.0,2.0,0.0,200.0,-2,-34.703,-79.365,89.61,-168.975,0.0,0.0,0.0,0.0,1.0,0.0,0.0,0.0,0.0,0.0,0,0,1,0,1,0,0,0,0,0,2,0,1,1,0,0,0,0,0,0,1,1,0,2,70.093,-70,126,154,280,79.365,110.39,-31.025,-39.947
MS-SD-SI-KJ-MH,0.962,0.137,0.825,5,1,4,-207.972,-125.0,0.0,1.25,0.0,125.0,-5,-168.026,-79.365,14.61,-93.975,0.0,1.0,0.0,0.0,0.5,0.25,0.0,1.0,0.5,0.0,2,0,0,0,0,0,0,0,1,0,0,0,1,0,1,1,2,2,1,0,2,1,0,5,70.093,-70,126,154,280,79.365,110.39,-31.025,-39.947
MS-SI-IK-AM7-KJ,0.952,0.44,0.512,5,2,3,-168.126,-133.333,0.0,1.333,0.0,133.333,-4,-128.179,-79.365,22.944,-102.309,0.0,1.0,0.0,0.0,1.0,0.333,0.0,0.0,0.333,0.0,1,0,0,0,0,0,0,0,2,0,0,0,2,2,0,0,0,0,1,0,2,2,0,4,70.093,-70,126,154,280,79.365,110.39,-31.025,-39.947
MS-SD-AM7-KJ-MH,0.915,0.323,0.592,3,1,2,0.0,100.0,2.0,1.0,200.0,100.0,0,39.947,120.635,-10.39,131.025,1.0,0.0,0.0,0.0,0.5,0.0,0.0,0.0,0.5,1.0,1,1,1,1,0,0,0,0,0,0,1,1,1,1,1,0,0,0,0,0,2,1,2,2,70.093,-70,126,154,280,79.365,110.39,-31.025,-39.947
MS-AC-IK-AM7-KJ,0.87,0.633,0.237,3,2,1,183.908,200.0,2.0,0.0,200.0,0.0,4,223.855,120.635,-110.39,231.025,1.0,0.0,0.0,0.0,0.0,1.0,0.0,0.0,1.0,1.0,1,2,2,2,0,0,0,0,0,0,2,2,0,0,0,0,0,0,1,0,0,0,4,0,70.093,-70,126,154,280,79.365,110.39,-31.025,-39.947
MS-SD-IK-KJ-MH,0.805,0.332,0.473,4,2,2,-99.379,-100.0,0.0,1.0,0.0,100.0,-2,-59.432,-79.365,-10.39,-68.975,0.0,0.5,0.0,0.0,0.5,0.5,0.5,0.0,0.5,0.0,1,0,1,0,0,0,0,0,1,0,1,0,2,1,0,0,0,0,1,1,2,1,0,2,70.093,-70,126,154,280,79.365,110.39,-31.025,-39.947
MS-SN-IK-EF-AM7,0.78,0.275,0.505,4,1,3,51.282,233.333,3.0,0.667,300.0,66.667,1,91.229,220.635,-43.723,264.358,1.0,0.0,0.0,0.0,0.5,0.333,0.0,0.0,0.667,1.0,2,1,0,0,1,1,0,0,0,0,1,1,2,1,0,0,0,0,1,0,2,1,3,2,70.093,-70,126,154,280,79.365,110.39,-31.025,-39.947
MS-SI-AC-IK-AM7,0.772,0.66,0.112,3,2,1,0.0,-100.0,1.0,2.0,100.0,200.0,0,39.947,20.635,89.61,-68.975,0.5,0.0,0.0,0.0,1.0,0.0,0.0,0.0,0.0,0.5,0,1,1,1,1,0,0,0,0,0,2,1,1,1,0,0,0,0,0,0,1,1,2,2,70.093,-70,126,154,280,79.365,110.39,-31.025,-39.947
MS-SD-AC-IK-AM7,0.757,0.0,0.757,3,0,3,-158.59,-100.0,0.0,1.0,0.0,100.0,-3,-118.644,-79.365,-10.39,-68.975,0.0,0.0,0.0,0.0,1.0,0.333,0.0,2.0,0.333,0.0,1,0,0,0,0,0,0,0,0,0,0,0,1,1,0,0,2,1,1,0,1,1,0,3,70.093,-70,126,154,280,79.365,110.39,-31.025,-39.947
SD-IK-EF-KJ-MH,0.738,0.26,0.478,2,1,1,54.176,100.0,3.0,2.0,300.0,200.0,1,94.123,220.635,89.61,131.025,1.0,0.0,0.0,0.0,1.0,0.0,0.0,0.0,0.0,1.0,0,1,0,0,1,1,0,0,0,0,1,1,1,1,0,0,0,0,0,0,1,1,3,2,70.093,-70,126,154,280,79.365,110.39,-31.025,-39.947
MS-SD-EF-AM7-MH,0.617,0.617,0.0,2,2,0,0.0,0.0,0.0,0.0,0.0,0.0,0,39.947,-79.365,-110.39,31.025,0.0,0.5,0.5,0.0,0.0,0.0,0.0,0.0,0.0,0.0,0,0,1,0,0,0,0,0,1,1,1,0,0,0,0,0,0,0,0,0,0,0,0,0,70.093,-70,126,154,280,79.365,110.39,-31.025,-39.947
MS-SI-AM7-KJ-MH,0.565,0.0,0.565,4,0,4,-424.779,-150.0,0.0,1.5,0.0,150.0,-6,-384.832,-79.365,39.61,-118.975,0.0,0.0,0.0,0.0,1.0,0.25,0.0,0.0,0.25,0.0,1,0,0,0,0,0,0,0,0,0,0,0,3,3,0,0,0,0,1,0,3,3,0,6,70.093,-70,126,154,280,79.365,110.39,-31.025,-39.947
MS-SD-DP-SI-KJ,0.563,0.0,0.563,2,0,2,-142.012,-100.0,0.0,1.0,0.0,100.0,-2,-102.065,-79.365,-10.39,-68.975,0.0,0.0,0.0,0.0,0.5,0.0,0.0,0.0,0.5,0.0,1,0,0,0,0,0,0,0,0,0,0,0,2,1,0,0,0,0,0,0,2,1,0,2,70.093,-70,126,154,280,79.365,110.39,-31.025,-39.947
DP-DP-SI-AC-IK-AM7,0.507,0.507,0.0,1,1,0,0.0,0.0,0.0,0.0,0.0,0.0,0,39.947,-79.365,-110.39,31.025,0.0,0.0,1.0,0.0,0.0,0.0,0.0,0.0,0.0,0.0,0,0,2,0,0,0,0,0,0,1,2,0,0,0,0,0,0,0,0,0,0,0,0,0,70.093,-70,126,154,280,79.365,110.39,-31.025,-39.947
MS-SD-SI-AM7-MH,0.495,0.0,0.495,2,0,2,0.0,0.0,0.0,0.0,0.0,0.0,0,39.947,-79.365,-110.39,31.025,0.0,0.0,0.0,0.0,0.0,0.5,0.0,0.0,1.0,0.0,2,0,0,0,0,0,0,0,0,0,0,0,0,0,1,0,0,0,1,0,1,0,0,0,70.093,-70,126,154,280,79.365,110.39,-31.025,-39.947
SD-SN-AC-EF-AM7,0.492,0.0,0.492,2,0,2,-244.068,-150.0,0.0,1.5,0.0,150.0,-3,-204.121,-79.365,39.61,-118.975,0.0,0.0,0.0,0.0,0.5,0.0,0.0,0.0,0.5,0.0,1,0,0,0,0,0,0,0,0,0,0,0,1,0,1,1,0,0,0,0,2,1,0,3,70.093,-70,126,154,280,79.365,110.39,-31.025,-39.947
MS-SI-AC-AM7-MH,0.483,0.483,0.0,1,1,0,0.0,0.0,0.0,0.0,0.0,0.0,0,39.947,-79.365,-110.39,31.025,0.0,0.0,0.0,0.0,0.0,0.0,0.0,0.0,0.0,0.0,0,0,1,0,0,0,0,0,0,0,1,0,0,0,0,0,0,0,0,0,0,0,0,0,70.093,-70,126,154,280,79.365,110.39,-31.025,-39.947
SD-SN-SI-KJ-MH,0.375,0.0,0.375,2,0,2,-213.333,-100.0,0.0,1.0,0.0,100.0,-2,-173.387,-79.365,-10.39,-68.975,0.0,0.0,0.0,0.0,0.5,0.5,0.5,0.0,0.5,0.0,1,0,0,0,0,0,0,0,0,0,0,0,1,1,1,0,0,0,1,1,2,1,0,2,70.093,-70,126,154,280,79.365,110.39,-31.025,-39.947
MS-SD-DP-JB-MH,0.357,0.0,0.357,2,0,2,-336.449,-150.0,0.0,1.5,0.0,150.0,-3,-296.502,-79.365,39.61,-118.975,0.0,0.0,0.0,0.0,1.0,0.5,0.0,0.0,0.5,0.0,1,0,0,0,0,0,0,0,0,0,0,0,0,0,1,1,0,0,1,0,1,1,0,3,70.093,-70,126,154,280,79.365,110.39,-31.025,-39.947
MS-AC-A'M-JB-AM7,0.357,0.0,0.357,2,0,2,-448.598,-200.0,0.0,2.0,0.0,200.0,-4,-408.651,-79.365,89.61,-168.975,0.0,0.0,0.0,0.0,1.0,0.0,0.0,0.0,0.0,0.0,0,0,0,0,0,0,0,0,0,0,0,0,2,2,0,0,0,0,0,0,2,2,0,4,70.093,-70,126,154,280,79.365,110.39,-31.025,-39.947
SN-AC-A'M-JB-MH,0.282,0.0,0.282,1,0,1,0.0,0.0,0.0,0.0,0.0,0.0,0,39.947,-79.365,-110.39,31.025,0.0,0.0,0.0,0.0,0.0,1.0,0.0,0.0,1.0,0.0,1,0,0,0,0,0,0,0,0,0,0,0,0,0,0,0,0,0,1,0,0,0,0,0,70.093,-70,126,154,280,79.365,110.39,-31.025,-39.947
SD-AC-IK-EF-AM7,0.282,0.0,0.282,1,0,1,0.0,0.0,0.0,0.0,0.0,0.0,0,39.947,-79.365,-110.39,31.025,0.0,0.0,0.0,0.0,0.0,0.0,1.0,0.0,1.0,0.0,1,0,0,0,0,0,0,0,0,0,0,0,1,0,0,0,0,0,0,1,1,0,0,0,70.093,-70,126,154,280,79.365,110.39,-31.025,-39.947
SD-AC-EF-KJ-MH,0.262,0.262,0.0,1,1,0,0.0,0.0,0.0,0.0,0.0,0.0,0,39.947,-79.365,-110.39,31.025,0.0,1.0,0.0,0.0,0.0,0.0,0.0,0.0,0.0,0.0,0,0,0,0,0,0,0,0,1,0,0,0,0,0,0,0,0,0,0,0,0,0,0,0,70.093,-70,126,154,280,79.365,110.39,-31.025,-39.947
MS-SD-SN-SI-AM7-KJ,0.255,0.0,0.255,1,0,1,0.0,0.0,0.0,0.0,0.0,0.0,0,39.947,-79.365,-110.39,31.025,0.0,0.0,0.0,0.0,0.0,1.0,0.0,0.0,1.0,0.0,1,0,0,0,0,0,0,0,0,0,0,0,0,0,0,0,0,0,1,0,0,0,0,0,70.093,-70,126,154,280,79.365,110.39,-31.025,-39.947
MS-SN-SI-IK-AM7-KJ,0.243,0.243,0.0,1,1,0,493.151,300.0,3.0,0.0,300.0,0.0,3,533.097,220.635,-110.39,331.025,0.5,0.0,1.0,0.0,0.0,0.0,0.0,0.0,0.0,1.0,0,1,1,0,1,1,0,0,0,1,2,1,0,0,0,0,0,0,0,0,0,0,3,0,70.093,-70,126,154,280,79.365,110.39,-31.025,-39.947
SN-DP-SI-EF-KJ,0.228,0.0,0.228,1,0,1,0.0,0.0,0.0,0.0,0.0,0.0,0,39.947,-79.365,-110.39,31.025,0.0,0.0,0.0,0.0,0.0,0.0,0.0,0.0,1.0,0.0,1,0,0,0,0,0,0,0,0,0,0,0,1,0,0,0,0,0,0,0,1,0,0,0,70.093,-70,126,154,280,79.365,110.39,-31.025,-39.947
SD-SD-SN-IK-KJ-MH,0.093,0.093,0.0,1,1,0,0.0,0.0,0.0,0.0,0.0,0.0,0,39.947,-79.365,-110.39,31.025,0.0,0.0,0.0,0.0,0.0,0.0,0.0,0.0,0.0,0.0,0,0,1,0,0,0,0,0,0,0,1,0,0,0,0,0,0,0,0,0,0,0,0,0,70.093,-70,126,154,280,79.365,110.39,-31.025,-39.947
