#,Title,Notes,Text Overlay,User Tags,Synergy Tags,Result,Duration,In Point,Out Point,Media In Point,Media Out Point,Team,Game,Date,Pd.,Clock,Player,Play Type,Play Call,Synergy String
161,,vid1,9,"Defense, 5v5 Live, Allow_Middle, Allow_Paint_Touch, Deflection_",,,0:18.7,N/A,N/A,7:35.90,7:54.57,Live,,,,,"#2 Mari Somvichian, #13 Ivana Krajina, #6 Shawnee Nordstrom, #24 Kayla Jones, #55 Maya Hernandez",,,
162,,vid1,),"Defense, 5v5 Live",,,0:08.2,N/A,N/A,8:02.66,8:10.85,Live,,,,,"#3 Danae Powell, #4 Allison Clarke, #0 Sarah Deng, #8 Shanayka Ismar, #22 Ali'a Matavao",,,
163,,vid1,),"Defense, 5v5 Live, Allow_UC3",,,0:07.8,N/A,N/A,8:15.39,8:23.20,Live,,,,,"#3 Danae Powell, #22 Ali'a Matavao, #8 Shanayka Ismar, #0 Sarah Deng, #4 Allison Clarke",,,
164,,vid1,),"Defense, 5v5 Live, Allow_Middle",,,0:09.2,N/A,N/A,8:31.43,8:40.65,Live,,,,,"#3 Danae Powell, #4 Allison Clarke, #0 Sarah Deng, #22 Ali'a Matavao, #8 Shanayka Ismar",,,
165,,vid1,9,"Defense, 5v5 Live",,,0:12.0,N/A,N/A,9:01.76,9:13.76,Live,,,,,"#3 Danae Powell, #4 Allison Clarke, #0 Sarah Deng, #8 Shanayka Ismar, #22 Ali'a Matavao",,,
166,,vid1,),"Defense, 5v5 Live, Allow_Middle, Allow_Paint_Touch",,,0:14.0,N/A,N/A,9:41.63,9:55.66,Live,,,,,"#3 Danae Powell, #4 Allison Clarke, #0 Sarah Deng, #8 Shanayka Ismar, #22 Ali'a Matavao",,,
167,,vid1,),"Defense, 5v5 Live, Allow_Paint_Touch",,,0:08.5,N/A,N/A,9:59.63,10:08.09,Live,,,,,"#6 Shawnee Nordstrom, #2 Mari Somvichian, #13 Ivana Krajina, #24 Kayla Jones, #55 Maya Hernandez",,,
168,,vid1,3,"Defense, 5v5 Live, Allow_Paint_Touch, Allow_UC3, Deflection_",,,0:14.2,N/A,N/A,10:17.00,10:31.23,Live,,,,,"#6 Shawnee Nordstrom, #13 Ivana Krajina, #2 Mari Somvichian, #24 Kayla Jones, #55 Maya Hernandez",,,
169,,vid1,3,"Defense, 5v5 Live, Allow_Paint_Touch, Allow_UC3",,,0:06.1,N/A,N/A,10:42.76,10:48.89,Live,,,,,"#6 Shawnee Nordstrom, #55 Maya Hernandez, #24 Kayla Jones, #13 Ivana Krajina, #2 Mari Somvichian",,,
170,,vid1,#,"Defense, 5v5 Live, Allow_Paint_Touch, Allow_UC3",,,0:14.6,N/A,N/A,11:11.76,11:26.36,Live,,,,,"#6 Shawnee Nordstrom, #55 Maya Hernandez, #13 Ivana Krajina, #24 Kayla Jones, #2 Mari Somvichian",,,
171,,vid1,#,"Defense, 5v5 Live, Allow_Paint_Touch, Allow_UC3",,,0:13.1,N/A,N/A,11:38.13,11:51.19,Live,,,,,"#6 Shawnee Nordstrom, #2 Mari Somvichian, #13 Ivana Krajina, #24 Kayla Jones, #55 Maya Hernandez",,,
172,,vid1,2,"Defense, 5v5 Live, Allow_Paint_Touch",,,0:06.2,N/A,N/A,12:20.33,12:26.50,Live,,,,,"#6 Shawnee Nordstrom, #2 Mari Somvichian, #13 Ivana Krajina, #24 Kayla Jones, #55 Maya Hernandez",,,
173,,vid1,@-8-2,"Defense, 5v5 Live, Allow_O-Board, Allow_Paint_Touch",,,0:15.1,N/A,N/A,12:28.59,12:43.72,Live,,,,,"#6 Shawnee Nordstrom, #2 Mari Somvichian, #13 Ivana Krajina, #55 Maya Hernandez, #24 Kayla Jones",,,
174,,vid1,),"Defense, 5v5 Live, Allow_Middle, Deflection_",,,0:15.9,N/A,N/A,12:48.16,13:04.03,Live,,,,,"#6 Shawnee Nordstrom, #2 Mari Somvichian, #13 Ivana Krajina, #24 Kayla Jones, #55 Maya Hernandez",,,
175,,vid1,3,"Defense, 5v5 Live, Allow_Paint_Touch, Allow_UC3, Deflection_",,,0:11.3,N/A,N/A,13:10.80,13:22.10,Live,,,,,"#0 Sarah Deng, #22 Ali'a Matavao, #4 Allison Clarke, #3 Danae Powell, #8 Shanayka Ismar",,,
176,,vid1,0-1-1,"Defense, 5v5 Live, Allow_Paint_Touch, Deflection_",,,0:16.9,N/A,N/A,13:35.00,13:51.87,Live,,,,,"#0 Sarah Deng, #22 Ali'a Matavao, #3 Danae Powell, #4 Allison Clarke, #8 Shanayka Ismar",,,
177,,vid1,#,"Defense, 5v5 Live, Allow_Middle, Allow_Paint_Touch, Allow_UC3",,,0:16.3,N/A,N/A,14:10.12,14:26.39,Live,,,,,"#4 Allison Clarke, #3 Danae Powell, #22 Ali'a Matavao, #8 Shanayka Ismar, #0 Sarah Deng",,,
178,,vid1,9,"Defense, 5v5 Live, Allow_Middle",,,0:18.9,N/A,N/A,14:52.29,15:11.16,Live,,,,,"#0 Sarah Deng, #3 Danae Powell, #22 Ali'a Matavao, #4 Allison Clarke, #8 Shanayka Ismar",,,
179,,vid1,3,"Defense, 5v5 Live, Allow_Paint_Touch, Allow_UC3",,,0:08.3,N/A,N/A,15:19.17,15:27.46,Live,,,,,"#55 Maya Hernandez, #24 Kayla Jones, #13 Ivana Krajina, #2 Mari Somvichian, #6 Shawnee Nordstrom",,,
180,,vid1,),"Defense, 5v5 Live",,,0:07.4,N/A,N/A,15:36.15,15:43.56,Live,,,,,"#55 Maya Hernandez, #6 Shawnee Nordstrom, #2 Mari Somvichian, #13 Ivana Krajina, #24 Kayla Jones",,,
181,,vid1,9,"Defense, 5v5 Live, Deflection_",,,0:10.9,N/A,N/A,16:05.55,16:16.43,Live,,,,,"#55 Maya Hernandez, #6 Shawnee Nordstrom, #2 Mari Somvichian, #13 Ivana Krajina, #24 Kayla Jones",,,
182,,vid1,),"Defense, 5v5 Live, Allow_Paint_Touch, Deflection_",,,0:12.8,N/A,N/A,16:27.46,16:40.29,Live,,,,,"#55 Maya Hernandez, #24 Kayla Jones, #13 Ivana Krajina, #2 Mari Somvichian, #6 Shawnee Nordstrom",,,
183,,vid1,#,"Defense, 5v5 Live, Allow_Paint_Touch, Allow_UC3",,,0:12.5,N/A,N/A,16:52.96,17:05.42,Live,,,,,"#55 Maya Hernandez, #6 Shawnee Nordstrom, #24 Kayla Jones, #13 Ivana Krajina, #2 Mari Somvichian",,,
294,,p22,9,"Defense, Stop",,,0:05.2,N/A,N/A,2:15.22,2:20.41,Live,,,,,"#24 Kayla Jones, #6 Shawnee Nordstrom, #13 Ivana Krajina, #55 Maya Hernandez, #3 Danae Powell",,,
295,,p22,9,"Defense, Stop, Allow_Middle, Deflection_",,,0:14.8,N/A,N/A,2:23.01,2:37.81,Live,,,,,"#3 Danae Powell, #6 Shawnee Nordstrom, #24 Kayla Jones, #55 Maya Hernandez, #13 Ivana Krajina",,,
296,,p22,9,"Defense, Stop",,,0:06.2,N/A,N/A,3:42.44,3:48.69,Live,,,,,"#3 Danae Powell, #24 Kayla Jones, #6 Shawnee Nordstrom, #13 Ivana Krajina, #55 Maya Hernandez",,,
297,,p22,@,"Defense, Stop",,,0:33.8,N/A,N/A,3:56.72,4:30.56,Live,,,,,"#13 Ivana Krajina, #24 Kayla Jones, #55 Maya Hernandez, #6 Shawnee Nordstrom, #3 Danae Powell",,,
298,,p22,2,"Defense, Score, Allow_Middle, Allow_Paint_Touch",,,0:30.0,N/A,N/A,5:49.96,6:19.93,Live,,,,,"#8 Shanayka Ismar, #0 Sarah Deng, #55 Maya Hernandez, #4 Allison Clarke, #11 Erica Finney",,,
299,,p22,0-1-!,"Defense, Whistle, Allow_Middle",,,0:22.9,N/A,N/A,6:29.58,6:52.43,Live,,,,,"#4 Allison Clarke, #55 Maya Hernandez, #8 Shanayka Ismar, #11 Erica Finney, #0 Sarah Deng",,,
300,,p22,@,"Defense, Stop, Allow_Middle, Allow_Paint_Touch",,,0:13.3,N/A,N/A,7:55.24,8:08.53,Live,,,,,"#0 Sarah Deng, #55 Maya Hernandez, #8 Shanayka Ismar, #11 Erica Finney, #4 Allison Clarke",,,
301,,p22,9,"Defense, Stop",,,0:10.8,N/A,N/A,8:36.83,8:47.65,Live,,,,,"#0 Sarah Deng, #11 Erica Finney, #8 Shanayka Ismar, #4 Allison Clarke, #55 Maya Hernandez",,,
302,,p22,0-!-1,"Defense, Stop, Allow_Middle, Allow_Paint_Touch",,,0:08.7,N/A,N/A,10:05.09,10:13.83,Live,,,,,"#24 Kayla Jones, #2 Mari Somvichian, #0 Sarah Deng, #4 Allison Clarke, #55 Maya Hernandez",,,
303,,p22,9,"Defense, Stop",,,0:21.6,N/A,N/A,11:03.98,11:25.56,Live,,,,,"#2 Mari Somvichian, #0 Sarah Deng, #24 Kayla Jones, #55 Maya Hernandez, #4 Allison Clarke",,,
304,,p22,9,"Defense, Stop",,,0:10.7,N/A,N/A,12:53.83,13:04.49,Live,,,,,"#55 Maya Hernandez, #4 Allison Clarke, #2 Mari Somvichian, #24 Kayla Jones, #0 Sarah Deng",,,
305,,p22,9,"Defense, Stop, Allow_Middle, Allow_Paint_Touch, Deflection_",,,0:17.6,N/A,N/A,13:43.48,14:01.06,Live,,,,,"#6 Shawnee Nordstrom, #24 Kayla Jones, #3 Danae Powell, #11 Erica Finney, #13 Ivana Krajina",,,
306,,p22,#,"Defense, Stop, Allow_Middle, Allow_Paint_Touch",,,0:18.2,N/A,N/A,14:16.23,14:34.47,Live,,,,,"#3 Danae Powell, #6 Shawnee Nordstrom, #13 Ivana Krajina, #24 Kayla Jones, #11 Erica Finney",,,
307,,p22,9,"Defense, Stop",,,0:08.8,N/A,N/A,14:49.32,14:58.13,Live,,,,,"#6 Shawnee Nordstrom, #3 Danae Powell, #13 Ivana Krajina, #11 Erica Finney, #24 Kayla Jones",,,
308,,p22,2,"Defense, Score, Allow_Middle, Allow_Paint_Touch",,,0:11.9,N/A,N/A,15:22.29,15:34.20,Live,,,,,"#13 Ivana Krajina, #6 Shawnee Nordstrom, #11 Erica Finney, #55 Maya Hernandez, #3 Danae Powell",,,
309,,p22,2,"Defense, Score",,,0:09.9,N/A,N/A,17:22.29,17:32.15,Live,,,,,"#55 Maya Hernandez, #6 Shawnee Nordstrom, #3 Danae Powell, #13 Ivana Krajina, #11 Erica Finney",,,
310,,p22,0-1-1,"Defense, Stop, Allow_Middle, Allow_Paint_Touch",,,0:13.6,N/A,N/A,17:40.22,17:53.86,Live,,,,,"#55 Maya Hernandez, #3 Danae Powell, #6 Shawnee Nordstrom, #13 Ivana Krajina, #11 Erica Finney",,,
311,,p22,),"Defense, Whistle, Deflection_",,,0:09.1,N/A,N/A,19:04.25,19:13.32,Live,,,,,"#13 Ivana Krajina, #6 Shawnee Nordstrom, #3 Danae Powell, #55 Maya Hernandez, #11 Erica Finney",,,
312,,p22,2,"Defense, Score",,,0:09.4,N/A,N/A,19:32.02,19:41.42,Live,,,,,"#6 Shawnee Nordstrom, #24 Kayla Jones, #55 Maya Hernandez, #3 Danae Powell, #13 Ivana Krajina",,,
313,,p22,),"Defense, Whistle, Deflection_",,,0:10.8,N/A,N/A,19:50.16,20:00.99,Live,,,,,"#13 Ivana Krajina, #6 Shawnee Nordstrom, #3 Danae Powell, #55 Maya Hernandez, #24 Kayla Jones",,,
314,,p22,9,"Defense, Stop, Allow_Paint_Touch, Deflection_",,,0:14.0,N/A,N/A,20:49.07,21:03.03,Live,,,,,"#3 Danae Powell, #13 Ivana Krajina, #6 Shawnee Nordstrom, #24 Kayla Jones, #55 Maya Hernandez",,,
315,,p22,9,"Defense, Stop",,,0:39.0,N/A,N/A,23:40.99,24:19.96,Live,,,,,"#3 Danae Powell, #6 Shawnee Nordstrom, #8 Shanayka Ismar, #4 Allison Clarke, #24 Kayla Jones",,,
316,,p22,@,"Defense, Whistle, Allow_Middle, Allow_Paint_Touch",,,0:08.7,N/A,N/A,24:44.99,24:53.73,Live,,,,,"#4 Allison Clarke, #8 Shanayka Ismar, #24 Kayla Jones, #3 Danae Powell, #6 Shawnee Nordstrom",,,
401,,p21,9,Defense,,,0:03.7,N/A,N/A,1:18.58,1:22.33,Live,,,,,"#4 Allison Clarke, #24 Kayla Jones, #55 Maya Hernandez, #3 Danae Powell, #2 Mari Somvichian",,,
402,,p21,2,"Defense, Allow_Paint_Touch",,,0:08.7,N/A,N/A,1:50.86,1:59.56,Live,,,,,"#3 Danae Powell, #55 Maya Hernandez, #24 Kayla Jones, #4 Allison Clarke, #2 Mari Somvichian",,,
403,,p21,@,"Defense, Allow_Paint_Touch",,,0:16.6,N/A,N/A,3:15.65,3:32.30,Live,,,,,"#2 Mari Somvichian, #3 Danae Powell, #24 Kayla Jones, #55 Maya Hernandez, #4 Allison Clarke",,,
404,,p21,2,"Defense, Allow_Paint_Touch",,,0:18.1,N/A,N/A,3:38.65,3:56.73,Live,,,,,"#24 Kayla Jones, #55 Maya Hernandez, #4 Allison Clarke, #3 Danae Powell, #2 Mari Somvichian",,,
405,,p21,#,"Defense, Allow_Middle, Allow_Paint_Touch, Allow_UC3",,,0:12.1,N/A,N/A,4:13.06,4:25.13,Live,,,,,"#0 Sarah Deng, #6 Shawnee Nordstrom, #8 Shanayka Ismar, #55 Maya Hernandez, #13 Ivana Krajina",,,
406,,p21,2,"Defense, Allow_Middle, Allow_Paint_Touch",,,0:14.0,N/A,N/A,4:49.62,5:03.62,Live,,,,,"#6 Shawnee Nordstrom, #0 Sarah Deng, #8 Shanayka Ismar, #55 Maya Hernandez, #13 Ivana Krajina",,,
407,,p21,2,"Defense, Allow_Paint_Touch",,,0:04.9,N/A,N/A,5:15.44,5:20.32,Live,,,,,"#13 Ivana Krajina, #8 Shanayka Ismar, #6 Shawnee Nordstrom, #0 Sarah Deng, #55 Maya Hernandez",,,
408,,p21,@,"Defense, Allow_Paint_Touch",,,0:16.4,N/A,N/A,7:27.88,7:44.26,Live,,,,,"#6 Shawnee Nordstrom, #8 Shanayka Ismar, #0 Sarah Deng, #55 Maya Hernandez, #13 Ivana Krajina",,,
409,,p21,9,"Defense, Allow_Paint_Touch",,,0:17.5,N/A,N/A,8:02.55,8:20.06,Live,,,,,"#8 Shanayka Ismar, #6 Shawnee Nordstrom, #55 Maya Hernandez, #0 Sarah Deng, #13 Ivana Krajina",,,
410,,p21,9,Defense,,,0:05.5,N/A,N/A,11:01.49,11:06.96,Live,,,,,"#2 Mari Somvichian, #3 Danae Powell, #24 Kayla Jones, #4 Allison Clarke, #13 Ivana Krajina",,,
411,,p21,@,"Defense, Allow_Paint_Touch",,,0:22.2,N/A,N/A,11:40.66,12:02.89,Live,,,,,"#13 Ivana Krajina, #3 Danae Powell, #2 Mari Somvichian, #4 Allison Clarke, #24 Kayla Jones",,,
412,,p21,2,"Defense, Allow_Paint_Touch",,,0:06.3,N/A,N/A,12:29.95,12:36.29,Live,,,,,"#55 Maya Hernandez, #8 Shanayka Ismar, #6 Shawnee Nordstrom, #0 Sarah Deng, #24 Kayla Jones",,,
413,,p21,),"Defense, Allow_Paint_Touch",,,0:14.7,N/A,N/A,16:16.97,16:31.63,Live,,,,,"#0 Sarah Deng, #6 Shawnee Nordstrom, #24 Kayla Jones, #55 Maya Hernandez, #8 Shanayka Ismar",,,
414,,p21,2,"Defense, Allow_Paint_Touch",,,0:13.0,N/A,N/A,17:10.86,17:23.83,Live,,,,,"#8 Shanayka Ismar, #0 Sarah Deng, #24 Kayla Jones, #55 Maya Hernandez, #6 Shawnee Nordstrom",,,
415,,p21,#,"Defense, Allow UC 3, Allow_Middle, Allow_Paint_Touch",,,0:18.0,N/A,N/A,17:43.17,18:01.19,Live,,,,,"#55 Maya Hernandez, #24 Kayla Jones, #6 Shawnee Nordstrom, #0 Sarah Deng, #8 Shanayka Ismar",,,
416,,p21,2,"Defense, Allow_Paint_Touch",,,0:15.0,N/A,N/A,18:20.03,18:34.99,Live,,,,,"#24 Kayla Jones, #8 Shanayka Ismar, #55 Maya Hernandez, #0 Sarah Deng, #6 Shawnee Nordstrom",,,
417,,p21,),"Defense, Deflection_",,,0:21.2,N/A,N/A,20:46.42,21:07.59,Live,,,,,"#2 Mari Somvichian, #4 Allison Clarke, #13 Ivana Krajina, #24 Kayla Jones, #3 Danae Powell",,,
418,,p21,#,Defense,,,0:08.8,N/A,N/A,21:19.85,21:28.66,Live,,,,,"#2 Mari Somvichian, #13 Ivana Krajina, #24 Kayla Jones, #3 Danae Powell, #4 Allison Clarke",,,
419,,p21,3,Defense,,,0:18.3,N/A,N/A,22:54.32,23:12.63,Live,,,,,"#13 Ivana Krajina, #2 Mari Somvichian, #24 Kayla Jones, #4 Allison Clarke, #3 Danae Powell",,,
