#,Title,Notes,Text Overlay,User Tags,Synergy Tags,Result,Duration,In Point,Out Point,Media In Point,Media Out Point,Team,Game,Date,Pd.,Clock,Player,Play Type,Play Call,Synergy String
1,9,P1,,"Defense, Allow Paint Touch",,,0:15.3,,,0:09.64,0:24.90,Live,,,,,"#24 Kayla Jones, #08 Shanayka Ismar, #02 Mari Somvichian, Half-court, #06 Shawnee Nordstrom, #0 Sarah Deng, #07 Ana Milanovic",,,
2,9,P1,,Defense,,,0:09.6,,,0:42.02,0:51.63,Live,,,,,"#0 Sarah Deng, #55 Maya Hernandez, #02 Mari Somvichian, #24 Kayla Jones, #08 Shanayka Ismar, Half-court",,,
3,9,P1,,Offense,,,0:08.2,,,2:11.75,2:19.93,Live,,,,,"#55 Maya Hernandez, #0 Sarah Deng, Half-court, #02 Mari Somvichian, #24 Kayla Jones, #08 Shanayka Ismar",,,
4,0-1-1,P1,,Defense,,,0:13.3,,,2:30.33,2:43.66,Live,,,,,"#55 Maya Hernandez, #08 Shanayka Ismar, Half-court, #0 Sarah Deng, #02 Mari Somvichian, #24 Kayla Jones",,,
5,#,P1,,"Defense, Allow Middle, Allow UC 3, Allow Paint Touch",,,0:15.9,,,2:54.95,3:10.89,Live,,,,,"#55 Maya Hernandez, #07 Ana Milanovic, Half-court, #0 Sarah Deng, #08 Shanayka Ismar, #02 Mari Somvichian",,,
6,9,P1,,"Defense, Deflection",,,0:06.3,,,3:24.81,3:31.16,Live,,,,,"#08 Shanayka Ismar, #24 Kayla Jones, #55 Maya Hernandez, Half-court, #07 Ana Milanovic, #0 Sarah Deng",,,
7,#,P1,,"Defense, Allow Middle",,,0:15.5,,,3:35.84,3:51.32,Live,,,,,"#07 Ana Milanovic, #24 Kayla Jones, #08 Shanayka Ismar, #55 Maya Hernandez, #0 Sarah Deng, Half-court",,,
8,9,P1,,"Offense, Ball Screen",,,0:17.0,,,4:35.31,4:52.32,Live,,,,,"#24 Kayla Jones, #07 Ana Milanovic, #0 Sarah Deng, #08 Shanayka Ismar, #55 Maya Hernandez, Half-court",,,
9,@,P1,,Offense,,,0:21.0,,,5:08.83,5:29.87,Live,,,,,"#08 Shanayka Ismar, #07 Ana Milanovic, #55 Maya Hernandez, #0 Sarah Deng, #24 Kayla Jones, Half-court",,,
10,#,P1,,"Defense, Allow Paint Touch, Allow UC 3",,,0:21.3,,,5:41.43,6:02.69,Live,,,,,"#02 Mari Somvichian, #24 Kayla Jones, #0 Sarah Deng, #55 Maya Hernandez, #07 Ana Milanovic, Half-court",,,
11,2,P1,,"Defense, Allow Middle, Allow Paint Touch",,,0:10.9,,,6:19.02,6:29.92,Live,,,,,"#24 Kayla Jones, #07 Ana Milanovic, #08 Shanayka Ismar, Half-court, #02 Mari Somvichian, #55 Maya Hernandez",,,
12,2,P1,,Defense,,,0:07.3,,,6:35.35,6:42.63,Live,,,,,"#08 Shanayka Ismar, Half-court, #07 Ana Milanovic, #55 Maya Hernandez, #02 Mari Somvichian, #24 Kayla Jones",,,
13,2,P1,,Defense,,,0:06.6,,,6:50.43,6:57.00,Live,,,,,"#02 Mari Somvichian, #24 Kayla Jones, #08 Shanayka Ismar, Half-court, #55 Maya Hernandez, #07 Ana Milanovic",,,
14,9,P1,,"Defense, Allow Middle, Deflection",,,0:09.1,,,7:30.12,7:39.20,Live,,,,,"#08 Shanayka Ismar, Half-court, #55 Maya Hernandez, #02 Mari Somvichian, #24 Kayla Jones, #07 Ana Milanovic",,,
15,9,P1,,"Defense, Allow Paint Touch",,,0:13.8,,,7:53.63,8:07.40,Live,,,,,"#0 Sarah Deng, #07 Ana Milanovic, Half-court, #55 Maya Hernandez, #08 Shanayka Ismar, #02 Mari Somvichian",,,
16,),P1,,Defense,,,0:09.2,,,8:22.42,8:31.59,Live,,,,,"#02 Mari Somvichian, #55 Maya Hernandez, #08 Shanayka Ismar, #0 Sarah Deng, #24 Kayla Jones, Half-court",,,
17,3,P1,,"Defense, Allow Paint Touch, Allow UC 3",,,0:09.6,,,8:44.89,8:54.49,Live,,,,,"#24 Kayla Jones, #08 Shanayka Ismar, Half-court, #0 Sarah Deng, #55 Maya Hernandez, #02 Mari Somvichian",,,
18,@,P1,,"Defense, Allow Middle, Allow Paint Touch, Allow O-Board",,,0:17.0,,,10:05.22,10:22.26,Live,,,,,"#24 Kayla Jones, #55 Maya Hernandez, #08 Shanayka Ismar, #0 Sarah Deng, #02 Mari Somvichian, Half-court",,,
19,#-8-@,P1,,"Defense, Allow Paint Touch, Allow UC 3",,,0:11.8,,,10:35.15,10:46.97,Live,,,,,"#55 Maya Hernandez, #24 Kayla Jones, #0 Sarah Deng, #07 Ana Milanovic, Half-court, #08 Shanayka Ismar",,,
20,#,P1,,"Defense, Allow UC 3",,,0:13.7,,,11:33.89,11:47.62,Live,,,,,"#08 Shanayka Ismar, #24 Kayla Jones, #55 Maya Hernandez, #0 Sarah Deng, #07 Ana Milanovic, Half-court",,,
21,2,P2,,Offense,,,0:19.4,,,3:42.62,4:02.06,Live,,,,,"#02 Mari Somvichian, Half-court, #55 Maya Hernandez, #24 Kayla Jones, #07 Ana Milanovic, #0 Sarah Deng",,,
22,),P2,,"Defense, Allow Middle",,,0:19.1,,,4:02.66,4:21.75,Live,,,,,"#02 Mari Somvichian, #07 Ana Milanovic, #24 Kayla Jones, #0 Sarah Deng, Transition, #55 Maya Hernandez",,,
23,2,P2,,"Defense, Allow Paint Touch",,,0:14.2,,,4:42.45,4:56.70,Live,,,,,"#02 Mari Somvichian, #55 Maya Hernandez, #24 Kayla Jones, Half-court, #07 Ana Milanovic, #0 Sarah Deng",,,
24,),P2,,Offense,,,0:24.9,,,0:14.21,0:39.13,Live,,,,,"#0 Sarah Deng, #13 Ivana Krajina, #11 Erica Finney, Half-court, #04 Allison Clarke, #07 Ana Milanovic",,,
25,),P2,,Offense,,,0:11.4,,,0:00.06,0:11.50,Live,,,,,"#0 Sarah Deng, #04 Allison Clarke, #11 Erica Finney, #07 Ana Milanovic, #13 Ivana Krajina",,,
26,@-8,P2,,"Defense, Allow Middle",,,0:16.9,,,0:47.52,1:04.39,Live,,,,,"#04 Allison Clarke, #11 Erica Finney, #13 Ivana Krajina, #0 Sarah Deng, #07 Ana Milanovic, Half-court",,,
27,2,P2,,Offense,,,0:17.0,,,2:11.81,2:28.82,Live,,,,,"#55 Maya Hernandez, #13 Ivana Krajina, Half-court, #11 Erica Finney, #02 Mari Somvichian, #24 Kayla Jones",,,
28,9,P2,,"Defense, Deflection",,,0:08.4,,,2:28.82,2:37.22,Live,,,,,"#11 Erica Finney, #24 Kayla Jones, #55 Maya Hernandez, #13 Ivana Krajina, #02 Mari Somvichian",,,
29,9,P2,,Offense,,,0:10.5,,,2:43.25,2:53.78,Live,,,,,"#13 Ivana Krajina, #55 Maya Hernandez, #24 Kayla Jones, #02 Mari Somvichian, Half-court, #11 Erica Finney",,,
30,0,P2,,Offense,,,0:07.9,,,0:00.32,0:08.26,Live,,,,,"#02 Mari Somvichian, #11 Erica Finney, #13 Ivana Krajina, #24 Kayla Jones, Half-court, #55 Maya Hernandez",,,
31,!,P2,,Offense,,,0:07.7,,,0:19.28,0:26.93,Live,,,,,"#02 Mari Somvichian, #55 Maya Hernandez, #11 Erica Finney, #24 Kayla Jones, #13 Ivana Krajina",,,
32,@-8-2,P2,,"Defense, Allow Middle, Allow Paint Touch",,,0:21.3,,,0:26.96,0:48.29,Live,,,,,"#11 Erica Finney, #55 Maya Hernandez, #02 Mari Somvichian, #13 Ivana Krajina, Half-court, #24 Kayla Jones",,,
33,9,P2,,Defense,,,0:06.3,,,0:00.35,0:06.66,Live,,,,,"#04 Allison Clarke, #0 Sarah Deng, Transition, #02 Mari Somvichian, #07 Ana Milanovic, #55 Maya Hernandez",,,
34,),P2,,Offense,,,0:06.1,,,0:10.53,0:16.59,Live,,,,,"#0 Sarah Deng, #55 Maya Hernandez, #04 Allison Clarke, #02 Mari Somvichian, #07 Ana Milanovic",,,
35,#-8-2,P2,,Offense,,,0:12.9,,,0:00.06,0:12.93,Live,,,,,"#0 Sarah Deng, #02 Mari Somvichian, #07 Ana Milanovic, #55 Maya Hernandez, #04 Allison Clarke",,,
36,),P2,,Defense,,,0:03.6,,,0:12.93,0:16.52,Live,,,,,"#55 Maya Hernandez, #07 Ana Milanovic, #02 Mari Somvichian, #0 Sarah Deng, #04 Allison Clarke",,,
37,2,P2,,"Defense, Allow Paint Touch",,,0:28.2,,,0:42.56,1:10.77,Live,,,,,"#04 Allison Clarke, #0 Sarah Deng, #55 Maya Hernandez, Half-court, #07 Ana Milanovic, #02 Mari Somvichian",,,
38,9,P2,,Offense,,,0:15.7,,,0:00.38,0:16.12,Live,,,,,"#24 Kayla Jones, #55 Maya Hernandez, Half-court, #04 Allison Clarke, #0 Sarah Deng, #11 Erica Finney",,,
39,3,P2,,Offense,,,0:15.6,,,0:07.72,0:23.29,Live,,,,,"#55 Maya Hernandez, Half-court, #24 Kayla Jones, #0 Sarah Deng, #11 Erica Finney, #13 Ivana Krajina",,,
40,2,P2,,"Defense, Allow Middle, Allow Paint Touch",,,0:28.7,,,0:23.29,0:51.99,Live,,,,,"#13 Ivana Krajina, #11 Erica Finney, #24 Kayla Jones, #0 Sarah Deng, #55 Maya Hernandez",,,
41,#,P3,,"Unsuccessful, Offense",,,0:27.1,,,1:58.79,2:25.85,Live,,,,,"#02 Mari Somvichian, #55 Maya Hernandez, #24 Kayla Jones, #04 Allison Clarke, #13 Ivana Krajina, Half-court",,,
42,9,P3,,"Offense, Unsuccessful",,,0:18.1,,,2:48.09,3:06.18,Live,,,,,"#24 Kayla Jones, #13 Ivana Krajina, Half-court, #04 Allison Clarke, #02 Mari Somvichian, #55 Maya Hernandez",,,
43,2,P3,,"Defense, Unsuccessful",,,0:06.4,,,3:06.18,3:12.56,Live,,,,,"#02 Mari Somvichian, #13 Ivana Krajina, #24 Kayla Jones, #04 Allison Clarke, #55 Maya Hernandez",,,
44,9,P3,,"Offense, Unsuccessful",,,0:20.2,,,3:12.56,3:32.79,Live,,,,,"#02 Mari Somvichian, #55 Maya Hernandez, #04 Allison Clarke, #13 Ivana Krajina, #24 Kayla Jones, Transition",,,
45,2,P3,,"Unsuccessful, Defense",,,0:05.9,,,3:32.79,3:38.65,Live,,,,,"#55 Maya Hernandez, #13 Ivana Krajina, #04 Allison Clarke, #24 Kayla Jones, #02 Mari Somvichian",,,
46,2,P3,,"Successful, Offense",,,0:33.1,,,3:38.65,4:11.73,Live,,,,,"#02 Mari Somvichian, #04 Allison Clarke, #24 Kayla Jones, #13 Ivana Krajina, #55 Maya Hernandez, Transition",,,
47,9,P3,,"Offense, Unsuccessful",,,0:18.1,,,4:43.80,5:01.92,Live,,,,,"#02 Mari Somvichian, #13 Ivana Krajina, #0 Sarah Deng, #11 Erica Finney, #07 Ana Milanovic, Half-court",,,
48,@-8-2,P3,,"Unsuccessful, Defense, Allow Middle, Allow O-Board",,,0:15.1,,,5:03.12,5:18.25,Live,,,,,"#02 Mari Somvichian, #07 Ana Milanovic, #0 Sarah Deng, #11 Erica Finney, #13 Ivana Krajina",,,
49,),P3,,"Whistle, Offense",,,0:06.5,,,5:18.25,5:24.76,Live,,,,,"#0 Sarah Deng, #07 Ana Milanovic, #02 Mari Somvichian, #11 Erica Finney, #13 Ivana Krajina, Transition",,,
50,3,P3,,"Offense, Successful",,,0:24.5,,,0:48.95,1:13.42,Live,,,,,"#11 Erica Finney, #07 Ana Milanovic, #0 Sarah Deng, #02 Mari Somvichian, #13 Ivana Krajina, Half-court",,,
51,2,P3,,"Defense, Unsuccessful, Allow Paint Touch",,,0:16.6,,,1:13.42,1:29.99,Live,,,,,"#13 Ivana Krajina, #07 Ana Milanovic, #11 Erica Finney, #0 Sarah Deng, #02 Mari Somvichian",,,
52,9,P3,,"Successful, Defense",,,0:09.5,,,2:00.59,2:10.05,Live,,,,,"#55 Maya Hernandez, #02 Mari Somvichian, #0 Sarah Deng, #13 Ivana Krajina, #24 Kayla Jones",,,
53,9,P3,,"Unsuccessful, Offense",,,0:02.4,,,2:10.05,2:12.45,Live,,,,,"Transition, #13 Ivana Krajina, #02 Mari Somvichian, #24 Kayla Jones, #55 Maya Hernandez, #0 Sarah Deng",,,
54,@-8-),P3,,"Whistle, Defense, Allow O-Board",,,0:10.7,,,2:12.45,2:23.12,Live,,,,,"#0 Sarah Deng, #02 Mari Somvichian, #24 Kayla Jones, #13 Ivana Krajina, #55 Maya Hernandez",,,
55,@-8-2,P3,,"Unsuccessful, Defense, Allow O-Board, Allow Paint Touch",,,0:18.9,,,2:40.31,2:59.23,Live,,,,,"#0 Sarah Deng, #13 Ivana Krajina, #02 Mari Somvichian, #24 Kayla Jones, #55 Maya Hernandez",,,
56,@,P3,,"Offense, Unsuccessful",,,0:17.5,,,2:59.23,3:16.72,Live,,,,,"#55 Maya Hernandez, #02 Mari Somvichian, Transition, #0 Sarah Deng, #24 Kayla Jones, #13 Ivana Krajina",,,
57,@,P3,,"Unsuccessful, Offense",,,0:18.3,,,4:06.45,4:24.72,Live,,,,,"#0 Sarah Deng, #24 Kayla Jones, #13 Ivana Krajina, #55 Maya Hernandez, #04 Allison Clarke, Half-court",,,
58,),P3,,"Defense, Whistle",,,0:10.5,,,4:24.72,4:35.25,Live,,,,,"#04 Allison Clarke, #13 Ivana Krajina, #24 Kayla Jones, #0 Sarah Deng, #55 Maya Hernandez",,,
59,2,P3,,"Unsuccessful, Defense, Allow O-Board, Allow Paint Touch",,,0:19.9,,,5:25.70,5:45.56,Live,,,,,"#0 Sarah Deng, #13 Ivana Krajina, #24 Kayla Jones, #04 Allison Clarke, #55 Maya Hernandez",,,
60,#,P3,,"Unsuccessful, Offense",,,0:26.1,,,5:45.56,6:11.70,Live,,,,,"#04 Allison Clarke, #13 Ivana Krajina, #55 Maya Hernandez, #0 Sarah Deng, #24 Kayla Jones, Transition",,,
61,),P3,,"Offense, Whistle",,,0:10.5,,,6:36.99,6:47.46,Live,,,,,"#07 Ana Milanovic, #04 Allison Clarke, #0 Sarah Deng, #55 Maya Hernandez, Half-court, #11 Erica Finney",,,
62,),P3,,"Offense, Whistle",,,0:19.6,,,7:20.96,7:40.52,Live,,,,,"#0 Sarah Deng, #11 Erica Finney, #07 Ana Milanovic, #55 Maya Hernandez, Half-court, #04 Allison Clarke",,,
63,9,P3,,"Unsuccessful, Offense",,,0:11.0,,,0:19.21,0:30.19,Live,,,,,"#11 Erica Finney, Half-court, #04 Allison Clarke, #07 Ana Milanovic, #0 Sarah Deng, #55 Maya Hernandez",,,
64,0,P3,,"Whistle, Defense, Allow Middle",,,0:09.8,,,0:30.19,0:39.96,Live,,,,,"#55 Maya Hernandez, #11 Erica Finney, #0 Sarah Deng, #07 Ana Milanovic, #04 Allison Clarke",,,
65,9,P3,,"Defense, Successful",,,0:09.9,,,0:50.38,1:00.25,Live,,,,,"#07 Ana Milanovic, #0 Sarah Deng, #04 Allison Clarke, #55 Maya Hernandez, #11 Erica Finney",,,
66,@,P3,,"Offense, Unsuccessful",,,0:06.4,,,1:00.25,1:06.63,Live,,,,,"#04 Allison Clarke, #07 Ana Milanovic, #0 Sarah Deng, #11 Erica Finney, #55 Maya Hernandez, Transition",,,
67,2,P3,,"Unsuccessful, Defense",,,0:06.5,,,1:06.63,1:13.12,Live,,,,,"#11 Erica Finney, #07 Ana Milanovic, #04 Allison Clarke, #0 Sarah Deng, #55 Maya Hernandez",,,
68,@,P3,,"Offense, Unsuccessful",,,0:23.2,,,1:13.12,1:36.33,Live,,,,,"#0 Sarah Deng, #55 Maya Hernandez, #07 Ana Milanovic, #11 Erica Finney, #04 Allison Clarke, Transition",,,
69,2,P4,,"Defense, Unsuccessful, Allow Middle, Allow Paint Touch",,,0:13.1,,,0:27.77,0:40.86,Live,,,,,"#06 Shawnee Nordstrom, #24 Kayla Jones, #0 Sarah Deng, #55 Maya Hernandez, #13 Ivana Krajina",,,
70,3,P4,,"Defense, Unsuccessful, Allow UC 3",,,0:13.5,,,0:47.31,1:00.85,Live,,,,,"#11 Erica Finney, #07 Ana Milanovic, #02 Mari Somvichian, #04 Allison Clarke, #03 Danae Powell",,,
71,2,P4,,"Defense, Successful, Allow Paint Touch",,,0:21.2,,,1:09.86,1:31.09,Live,,,,,"#06 Shawnee Nordstrom, #30 Janay Brantley, #0 Sarah Deng, #08 Shanayka Ismar, #22 Ali'a Matavao",,,
72,),P4,,"Offense, Whistle",,,0:06.6,,,1:35.26,1:41.82,Live,,,,,"#30 Janay Brantley, #06 Shawnee Nordstrom, #08 Shanayka Ismar, #22 Ali'a Matavao, #0 Sarah Deng",,,
73,),P4,,Offense,,,0:27.6,,,1:54.99,2:22.57,Live,,,,,"#08 Shanayka Ismar, #06 Shawnee Nordstrom, #30 Janay Brantley, #0 Sarah Deng, #22 Ali'a Matavao",,,
74,9,P4,,"Defense, Successful",,,0:12.5,,,3:04.19,3:16.66,Live,,,,,"#0 Sarah Deng, #06 Shawnee Nordstrom, #55 Maya Hernandez, #24 Kayla Jones, #13 Ivana Krajina",,,
75,#,P4,,"Offense, Unsuccessful",,,0:23.6,,,3:16.66,3:40.22,Live,,,,,"#0 Sarah Deng, #24 Kayla Jones, #06 Shawnee Nordstrom, #55 Maya Hernandez, #13 Ivana Krajina",,,
76,9,P4,,"Defense, Unsuccessful, Allow Paint Touch",,,0:23.4,,,3:49.88,4:13.23,Live,,,,,"#24 Kayla Jones, #55 Maya Hernandez, #06 Shawnee Nordstrom, #13 Ivana Krajina, #0 Sarah Deng",,,
77,9,P4,,"Offense, Unsuccessful",,,0:23.8,,,4:13.23,4:36.99,Live,,,,,"#06 Shawnee Nordstrom, #24 Kayla Jones, #55 Maya Hernandez, #0 Sarah Deng, #13 Ivana Krajina",,,
78,2,P4,,"Defense, Unsuccessful, Allow Paint Touch, Allow Middle",,,0:11.7,,,0:02.58,0:14.25,Live,,,,,"#04 Allison Clarke, #11 Erica Finney, #02 Mari Somvichian, #07 Ana Milanovic, #03 Danae Powell",,,
79,,P4,,"Offense, Whistle",,,0:01.0,,,0:14.25,0:15.25,Live,,,,,"#04 Allison Clarke, #11 Erica Finney, #03 Danae Powell, #02 Mari Somvichian, #07 Ana Milanovic",,,
80,),P4,,"Defense, Whistle, Allow Middle",,,0:05.8,,,0:31.72,0:37.53,Live,,,,,"#03 Danae Powell, #04 Allison Clarke, #07 Ana Milanovic, #11 Erica Finney, #02 Mari Somvichian",,,
81,9,P4,,"Defense, Successful, Allow Middle",,,0:11.2,,,1:01.01,1:12.26,Live,,,,,"#02 Mari Somvichian, #04 Allison Clarke, #07 Ana Milanovic, #03 Danae Powell, #11 Erica Finney",,,
82,2,P4,,"Offense, Successful",,,0:18.8,,,1:12.26,1:31.02,Live,,,,,"#02 Mari Somvichian, #04 Allison Clarke, #03 Danae Powell, #07 Ana Milanovic, #11 Erica Finney",,,
83,3,P4,,"Defense, Unsuccessful, Allow Middle",,,0:15.0,,,0:30.58,0:45.59,Live,,,,,"#30 Janay Brantley, #0 Sarah Deng, #08 Shanayka Ismar, #22 Ali'a Matavao, #06 Shawnee Nordstrom",,,
84,2,P4,,"Defense, Unsuccessful, Allow Paint Touch, Allow Middle",,,0:10.1,,,1:03.66,1:13.72,Live,,,,,"#0 Sarah Deng, #06 Shawnee Nordstrom, #24 Kayla Jones, #13 Ivana Krajina, #55 Maya Hernandez",,,
85,#,P4,,"Defense, Successful, Allow UC 3",,,0:12.5,,,1:51.86,2:04.35,Live,,,,,"#0 Sarah Deng, #13 Ivana Krajina, #06 Shawnee Nordstrom, #24 Kayla Jones, #55 Maya Hernandez",,,
86,@,P4,,"Offense, Unsuccessful",,,0:05.6,,,2:04.35,2:09.98,Live,,,,,"#06 Shawnee Nordstrom, #13 Ivana Krajina, #0 Sarah Deng, #24 Kayla Jones, #55 Maya Hernandez, #0 Sarah Deng",,,
87,),P4,,"Defense, Whistle, Allow Middle",,,0:07.9,,,2:26.18,2:34.10,Live,,,,,"#02 Mari Somvichian, #03 Danae Powell, #04 Allison Clarke, #11 Erica Finney, #07 Ana Milanovic",,,
88,#,P4,,"Defense, Whistle, Allow UC 3",,,0:15.0,,,3:09.88,3:24.89,Live,,,,,"#02 Mari Somvichian, #03 Danae Powell, #04 Allison Clarke, #07 Ana Milanovic, #11 Erica Finney",,,
89,9,P4,,"Defense, Successful",,,0:13.8,,,3:41.32,3:55.09,Live,,,,,"#03 Danae Powell, #04 Allison Clarke, #02 Mari Somvichian, #11 Erica Finney, #07 Ana Milanovic",,,
90,0,P4,,"Offense, Successful, FT Drawn",,,0:17.1,,,3:55.09,4:12.23,Live,,,,,"#03 Danae Powell, #02 Mari Somvichian, #11 Erica Finney, #04 Allison Clarke, #07 Ana Milanovic",,,
91,!,P4,,Offense,,,0:08.5,,,4:24.22,4:32.72,Live,,,,,"#04 Allison Clarke, #07 Ana Milanovic, #02 Mari Somvichian, #11 Erica Finney, #03 Danae Powell",,,
92,),P4,,"Defense, Whistle",,,0:11.0,,,4:32.72,4:43.73,Live,,,,,"#02 Mari Somvichian, #11 Erica Finney, #04 Allison Clarke, #03 Danae Powell, #07 Ana Milanovic",,,
93,),P4,,"Defense, Whistle",,,0:12.5,,,5:21.02,5:33.52,Live,,,,,"#02 Mari Somvichian, #03 Danae Powell, #11 Erica Finney, #04 Allison Clarke, #07 Ana Milanovic",,,
94,2,P4,,"Defense, Unsuccessful, Allow Paint Touch",,,0:08.7,,,5:41.23,5:49.89,Live,,,,,"#02 Mari Somvichian, #11 Erica Finney, #07 Ana Milanovic, #03 Danae Powell, #04 Allison Clarke",,,
95,#,P4,,"Offense, Unsuccessful",,,0:17.4,,,0:11.96,0:29.33,Live,,,,,"#0 Sarah Deng, #24 Kayla Jones, #06 Shawnee Nordstrom, #55 Maya Hernandez, #13 Ivana Krajina",,,
96,#,P4,,"Offense, Unsuccessful",,,0:18.9,,,0:38.79,0:57.70,Live,,,,,"#06 Shawnee Nordstrom, #13 Ivana Krajina, #55 Maya Hernandez, #24 Kayla Jones, #0 Sarah Deng",,,
97,),P4,,"Defense, Whistle",,,0:07.4,,,0:57.70,1:05.06,Live,,,,,"#55 Maya Hernandez, #06 Shawnee Nordstrom, #13 Ivana Krajina, #0 Sarah Deng, #24 Kayla Jones",,,
98,2,P4,,"Defense, Unsuccessful, Allow Paint Touch, Deflection",,,0:13.5,,,1:59.96,2:13.49,Live,,,,,"#08 Shanayka Ismar, #30 Janay Brantley, #06 Shawnee Nordstrom, #0 Sarah Deng, #22 Ali'a Matavao",,,
99,2,P4,,"Defense, Unsuccessful, Allow Paint Touch",,,0:17.4,,,0:01.41,0:18.79,Live,,,,,"#06 Shawnee Nordstrom, #22 Ali'a Matavao, #30 Janay Brantley, #0 Sarah Deng, #08 Shanayka Ismar",,,
100,,P4,,"Defense, Unsuccessful, Allow Paint Touch",,,0:14.9,,,0:38.82,0:53.70,Live,,,,,"#06 Shawnee Nordstrom, #30 Janay Brantley, #22 Ali'a Matavao, #08 Shanayka Ismar, #0 Sarah Deng",,,
101,2,P4,,"Defense, Unsuccessful, Allow Paint Touch",,,0:11.5,,,1:11.03,1:22.53,Live,,,,,"#03 Danae Powell, #02 Mari Somvichian, #07 Ana Milanovic, #04 Allison Clarke, #11 Erica Finney",,,
102,2,P4,,"Defense, Unsuccessful",,,0:12.6,,,0:29.40,0:42.00,Live,,,,,"#11 Erica Finney, #04 Allison Clarke, #02 Mari Somvichian, #07 Ana Milanovic, #03 Danae Powell",,,
103,),P4,,"Defense, Whistle",,,0:07.1,,,0:57.03,1:04.13,Live,,,,,"#0 Sarah Deng, #13 Ivana Krajina, #24 Kayla Jones, #55 Maya Hernandez, #06 Shawnee Nordstrom",,,
104,9,P4,,"Defense, Successful",,,0:09.1,,,1:09.80,1:18.89,Live,,,,,"#0 Sarah Deng, #55 Maya Hernandez, #06 Shawnee Nordstrom, #13 Ivana Krajina, #24 Kayla Jones",,,
105,@-8,P4,,"Offense, Unsuccessful",,,0:07.4,,,1:19.05,1:26.49,Live,,,,,"#13 Ivana Krajina, #55 Maya Hernandez, #06 Shawnee Nordstrom, #24 Kayla Jones, #0 Sarah Deng",,,
106,2,P4,,"Offense, Successful",,,0:12.9,,,0:26.97,0:39.90,Live,,,,,"#24 Kayla Jones, #13 Ivana Krajina, #06 Shawnee Nordstrom, #55 Maya Hernandez, #0 Sarah Deng",,,
107,#,P4,,"Defense, Successful",,,0:19.1,,,0:39.90,0:58.95,Live,,,,,"#24 Kayla Jones, #06 Shawnee Nordstrom, #0 Sarah Deng, #13 Ivana Krajina, #55 Maya Hernandez",,,
108,#,P4,,"Offense, Unsuccessful",,,0:18.7,,,1:00.05,1:18.76,Live,,,,,"#55 Maya Hernandez, #06 Shawnee Nordstrom, #24 Kayla Jones, #0 Sarah Deng, #13 Ivana Krajina",,,
109,),P4,,"Defense, Whistle",,,0:07.3,,,1:18.76,1:26.10,Live,,,,,"#24 Kayla Jones, #0 Sarah Deng, #55 Maya Hernandez, #06 Shawnee Nordstrom, #13 Ivana Krajina",,,
110,9,P4,,"Defense, Successful, Deflection",,,0:12.6,,,1:56.05,2:08.67,Live,,,,,"#06 Shawnee Nordstrom, #55 Maya Hernandez, #13 Ivana Krajina, #0 Sarah Deng, #24 Kayla Jones",,,
111,0,P4,,"Offense, Successful",,,0:15.9,,,2:30.63,2:46.53,Live,,,,,"#07 Ana Milanovic, #11 Erica Finney, #02 Mari Somvichian, #03 Danae Powell, #04 Allison Clarke",,,
112,!-1,P4,,Offense,,,0:24.4,,,3:03.23,3:27.62,Live,,,,,"#04 Allison Clarke, #11 Erica Finney, #02 Mari Somvichian, #03 Danae Powell, #07 Ana Milanovic",,,
113,),P4,,,,,0:04.1,,,3:27.62,3:31.73,Live,,,,,"#02 Mari Somvichian, #11 Erica Finney, #03 Danae Powell, #07 Ana Milanovic, #04 Allison Clarke",,,
114,#-8-@,P4,,"Offense, Unsuccessful",,,0:32.3,,,3:44.46,4:16.73,Live,,,,,"#24 Kayla Jones, #13 Ivana Krajina, #0 Sarah Deng, #06 Shawnee Nordstrom, #55 Maya Hernandez, Half-court",,,
115,2,P4,,"Defense, Unsuccessful",,,0:06.8,,,4:16.73,4:23.56,Live,,,,,"#55 Maya Hernandez, #0 Sarah Deng, #06 Shawnee Nordstrom, #13 Ivana Krajina, #24 Kayla Jones",,,
116,2,P4,,"Offense, Successful",,,0:14.4,,,4:23.56,4:37.98,Live,,,,,"#0 Sarah Deng, #24 Kayla Jones, #06 Shawnee Nordstrom, #55 Maya Hernandez, #13 Ivana Krajina",,,
117,9,P4,,"Offense, Whistle",,,0:15.8,,,0:14.68,0:30.52,Live,,,,,"#11 Erica Finney, #03 Danae Powell, #07 Ana Milanovic, #02 Mari Somvichian, #04 Allison Clarke, Half-court",,,
118,@-8-2,P4,,"Offense, Successful",,,0:26.8,,,0:46.41,1:13.25,Live,,,,,"#04 Allison Clarke, #03 Danae Powell, #07 Ana Milanovic, #11 Erica Finney, #02 Mari Somvichian, Half-court",,,
119,),P4,,"Defense, Whistle",,,0:11.8,,,1:13.25,1:25.10,Live,,,,,"#04 Allison Clarke, #07 Ana Milanovic, #03 Danae Powell, #11 Erica Finney, #02 Mari Somvichian",,,
120,#-8-0,P4,,"Defense, Whistle, Allow O-Board, Allow Paint Touch",,,0:24.2,,,2:05.19,2:29.39,Live,,,,,"#07 Ana Milanovic, #03 Danae Powell, #02 Mari Somvichian, #11 Erica Finney, #04 Allison Clarke",,,
121,2,P4,,"Defense, Unsuccessful, Allow Paint Touch, Deflection",,,0:20.6,,,2:39.72,3:00.29,Live,,,,,"#02 Mari Somvichian, #03 Danae Powell, #11 Erica Finney, #04 Allison Clarke, #07 Ana Milanovic",,,
122,#-8-2,P4,,"Offense, Successful",,,0:14.5,,,3:00.29,3:14.76,Live,,,,,"#03 Danae Powell, #11 Erica Finney, #04 Allison Clarke, #02 Mari Somvichian, #07 Ana Milanovic, Transition",,,
123,2,P4,,"Defense, Unsuccessful, Allow Paint Touch",,,0:13.4,,,3:14.76,3:28.12,Live,,,,,"#02 Mari Somvichian, #07 Ana Milanovic, #03 Danae Powell, #04 Allison Clarke, #11 Erica Finney",,,
124,),P4,,"Offense, Whistle",,,0:17.4,,,1:11.60,1:28.99,Live,,,,,"#24 Kayla Jones, #13 Ivana Krajina, #0 Sarah Deng, #08 Shanayka Ismar, #55 Maya Hernandez, Half-court",,,
125,#-8-@,P4,,"Offense, Unsuccessful",,,0:23.4,,,1:35.92,1:59.36,Live,,,,,"#13 Ivana Krajina, #08 Shanayka Ismar, #55 Maya Hernandez, #0 Sarah Deng, #24 Kayla Jones, Half-court",,,
126,2,P4,,"Defense, Unsuccessful",,,0:14.1,,,1:59.36,2:13.42,Live,,,,,"#0 Sarah Deng, #24 Kayla Jones, #55 Maya Hernandez, #08 Shanayka Ismar, #13 Ivana Krajina",,,
127,),P4,,"Offense, Unsuccessful",,,0:08.2,,,2:13.42,2:21.63,Live,,,,,"#08 Shanayka Ismar, #55 Maya Hernandez, #13 Ivana Krajina, #0 Sarah Deng, #24 Kayla Jones, Transition",,,
128,0,P4,,"Offense, Whistle",,,0:16.0,,,2:59.72,3:15.76,Live,,,,,"#24 Kayla Jones, #13 Ivana Krajina, #0 Sarah Deng, #08 Shanayka Ismar, #55 Maya Hernandez, Half-court",,,
129,#,P4,,"Offense, Unsuccessful",,,0:13.0,,,4:05.18,4:18.18,Live,,,,,"#0 Sarah Deng, #08 Shanayka Ismar, #55 Maya Hernandez, #13 Ivana Krajina, #24 Kayla Jones, Half-court",,,
130,@,P4,,"Defense, Successful",,,0:11.4,,,4:18.18,4:29.56,Live,,,,,"#0 Sarah Deng, #55 Maya Hernandez, #08 Shanayka Ismar, #24 Kayla Jones, #13 Ivana Krajina",,,
131,9,P4,,"Offense, Unsuccessful",,,0:06.9,,,4:29.56,4:36.45,Live,,,,,"#13 Ivana Krajina, #08 Shanayka Ismar, #0 Sarah Deng, #55 Maya Hernandez, #24 Kayla Jones",,,
132,#-8-@,P4,,"Offense, Unsuccessful",,,0:19.9,,,5:04.85,5:24.79,Live,,,,,"#07 Ana Milanovic, #11 Erica Finney, #02 Mari Somvichian, #03 Danae Powell, #04 Allison Clarke, Half-court",,,
133,2,P4,,"Defense, Unsuccessful, Allow Middle, Allow Paint Touch",,,0:07.9,,,5:24.79,5:32.72,Live,,,,,"#02 Mari Somvichian, #07 Ana Milanovic, #03 Danae Powell, #11 Erica Finney, #04 Allison Clarke",,,
134,#,P4,,"Offense, Unsuccessful, Successful",,,0:13.6,,,0:10.35,0:23.93,Live,,,,,"#11 Erica Finney, #07 Ana Milanovic, #04 Allison Clarke, #02 Mari Somvichian, #03 Danae Powell",,,
135,@,P4,,"Defense, Successful, Allow Paint Touch",,,0:07.8,,,0:23.93,0:31.72,Live,,,,,"#03 Danae Powell, #07 Ana Milanovic, #11 Erica Finney, #02 Mari Somvichian, #04 Allison Clarke",,,
136,),P4,,"Offense, Whistle",,,0:07.4,,,0:31.72,0:39.10,Live,,,,,"#02 Mari Somvichian, #04 Allison Clarke, #03 Danae Powell, #07 Ana Milanovic, #11 Erica Finney, Transition",,,
137,9,P4,,"Offense, Unsuccessful",,,0:15.0,,,0:49.28,1:04.25,Live,,,,,"#07 Ana Milanovic, #02 Mari Somvichian, #03 Danae Powell, #11 Erica Finney, #04 Allison Clarke, Half-court",,,
138,2,P4,,"Defense, Unsuccessful, Allow Paint Touch",,,0:06.9,,,1:04.25,1:11.17,Live,,,,,"#07 Ana Milanovic, #02 Mari Somvichian, #03 Danae Powell, #11 Erica Finney, #04 Allison Clarke",,,
139,@,P4,,"Offense, Unsuccessful",,,0:10.8,,,1:11.17,1:21.93,Live,,,,,"#02 Mari Somvichian, #07 Ana Milanovic, #03 Danae Powell, #04 Allison Clarke, #11 Erica Finney, Transition",,,
140,),P4,,"Defense, Whistle",,,0:06.0,,,1:21.93,1:27.95,Live,,,,,"#02 Mari Somvichian, #03 Danae Powell, #04 Allison Clarke, #07 Ana Milanovic, #11 Erica Finney",,,
141,9,P4,,"Offense, Unsuccessful",,,0:11.5,,,0:00.01,0:11.49,Live,,,,,"#0 Sarah Deng, #55 Maya Hernandez, #06 Shawnee Nordstrom, #13 Ivana Krajina, #24 Kayla Jones, Half-court",,,
142,@,P4,,"Defense, Successful",,,0:06.1,,,0:11.49,0:17.62,Live,,,,,"#55 Maya Hernandez, #13 Ivana Krajina, #24 Kayla Jones, #0 Sarah Deng, #06 Shawnee Nordstrom",,,
143,#-8-9,P4,,"Offense, Unsuccessful",,,0:25.4,,,0:17.62,0:43.00,Live,,,,,"#13 Ivana Krajina, #55 Maya Hernandez, #0 Sarah Deng, #06 Shawnee Nordstrom, #24 Kayla Jones, Transition",,,
144,9,P4,,"Defense, Successful",,,0:07.7,,,0:43.00,0:50.65,Live,,,,,"#13 Ivana Krajina, #06 Shawnee Nordstrom, #24 Kayla Jones, #55 Maya Hernandez, #0 Sarah Deng",,,
145,2,P4,,"Offense, Successful",,,0:05.2,,,0:50.65,0:55.90,Live,,,,,"#0 Sarah Deng, #55 Maya Hernandez, #24 Kayla Jones, #06 Shawnee Nordstrom, #13 Ivana Krajina, Transition",,,
146,#,P4,,"Defense, Successful, Allow UC 3",,,0:23.0,,,0:55.90,1:18.93,Live,,,,,"#06 Shawnee Nordstrom, #13 Ivana Krajina, #0 Sarah Deng, #55 Maya Hernandez, #24 Kayla Jones",,,
147,9,P4,,"Offense, Unsuccessful",,,0:06.0,,,1:18.93,1:24.97,Live,,,,,"#0 Sarah Deng, #13 Ivana Krajina, #24 Kayla Jones, #55 Maya Hernandez, #06 Shawnee Nordstrom, Transition",,,
148,2,P4,,"Defense, Unsuccessful",,,0:06.8,,,1:24.97,1:31.79,Live,,,,,"#06 Shawnee Nordstrom, #0 Sarah Deng, #24 Kayla Jones, #13 Ivana Krajina, #55 Maya Hernandez",,,
149,2,P4,,"Offense, Successful",,,0:09.8,,,0:00.88,0:10.63,Live,,,,,"#24 Kayla Jones, #55 Maya Hernandez, #06 Shawnee Nordstrom, #0 Sarah Deng, #13 Ivana Krajina, Half-court",,,
150,9,P4,,"Defense, Successful, Deflection",,,0:08.7,,,0:10.63,0:19.29,Live,,,,,"#0 Sarah Deng, #55 Maya Hernandez, #13 Ivana Krajina, #24 Kayla Jones, #06 Shawnee Nordstrom",,,
151,@-8-#,P4,,"Offense, Unsuccessful",,,0:30.7,,,0:32.71,1:03.46,Live,,,,,"#0 Sarah Deng, #55 Maya Hernandez, #13 Ivana Krajina, #06 Shawnee Nordstrom, #24 Kayla Jones, Half-court",,,
152,),P4,,"Defense, Whistle",,,0:11.2,,,1:03.46,1:14.65,Live,,,,,"#06 Shawnee Nordstrom, #55 Maya Hernandez, #0 Sarah Deng, #13 Ivana Krajina, #24 Kayla Jones",,,
153,2,P4,,"Defense, Unsuccessful, Allow Paint Touch",,,0:10.0,,,1:49.95,1:59.99,Live,,,,,"#0 Sarah Deng, #13 Ivana Krajina, #06 Shawnee Nordstrom, #55 Maya Hernandez, #24 Kayla Jones",,,
154,),P4,,"Defense, Whistle, Deflection",,,0:11.1,,,2:54.44,3:05.53,Live,,,,,"#24 Kayla Jones, #13 Ivana Krajina, #55 Maya Hernandez, #06 Shawnee Nordstrom, #0 Sarah Deng",,,
155,),P4,,"Defense, Whistle",,,0:07.4,,,3:11.86,3:19.23,Live,,,,,"#0 Sarah Deng, #24 Kayla Jones, #55 Maya Hernandez, #06 Shawnee Nordstrom, #13 Ivana Krajina, #04 Allison Clarke",,,
156,#,P4,,"Defense, Successful, Allow UC 3",,,0:10.5,,,3:35.54,3:46.00,Live,,,,,"#55 Maya Hernandez, #0 Sarah Deng, #06 Shawnee Nordstrom, #13 Ivana Krajina, #24 Kayla Jones",,,
157,3,P4,,"Offense, Successful",,,0:17.8,,,3:46.00,4:03.75,Live,,,,,"#24 Kayla Jones, #55 Maya Hernandez, #0 Sarah Deng, #13 Ivana Krajina, #06 Shawnee Nordstrom, Transition",,,
